favicon_hash,site_count,is_default_icon,stack_families,member_domains
0d919cd7c5fa,325,"Y (one-api 默认图标,非同源)",one-api-family:325,10dianai.com;112102.xyz;121628.xyz;123nhh.com;12ai.org;132999.xyz;147ai.cn;147ai.com;180txt.cn;2020111.xyz;361888.xyz;4399ai.cn;4sapi.com;4sapi.net;4zapi.com;52ccl.cn;52mx.net;777114.xyz;777358.xyz;7x.hk;8864k.com;88api.chat;91router.ai;999554.xyz;a8.hk;aabao.vip;abcrelay.com;agentrouter.org;ai-openclaw.one;aiartmirror.com;aiearth.dev;aifoxspa.com;aigc2d.com;aigc456.top;aigcbest.top;aigm99.cn;aikeji.vip;ainstant.pro;aiporters.com;aisz.mom …
13f36961b1dd,10,,one-api-family:10,996444.cn;affordableaiapi.com;ai-yyds.com;azapi.com.cn;chatfire.cn;gpt.ge;nuwaapi.com;rcouyi.com;vveai.com;zaiwen.top
4214f2244b29,5,,one-api-family:5,ablai.top;bltcy.ai;geekai.pro;linkapi.org;whatai.cc
c30c7d42707a,5,,one-api-family:4;unlabeled:1,africarouter.ai;easy-token.com;ocoolai.com;therouter.ai;threadzy.ai
67a3ef99e381,3,,confirmed-unknown:3,ephone.ai;ephone.chat;innk.cc
2aeb552a8ba7,2,,one-api-family:2,ai-gaochao.cn;shubiaobiao.cn
9b33c57176e1,2,,one-api-family:2,ai-wave.org;hybgzs.com
b085b6302e0c,2,,sub2api:2,claude-api.org;voltapi.ai
b9a31d3949b1,2,,one-api-family:2,dataeyes.ai;newcli.com
2340bd772b87,2,,one-api-family:2,fastgpt.cn;fastgpt.io
2c5d4ccd6d1b,2,,one-api-family:2,huiyun.asia;juxingai.top
2d5804a1edf6,2,,one-api-family:2,ominigate.ai;ominigate.com
b0fbe282e69b,2,,one-api-family:2,teamolab.com;teamorouter.com
