domain,operator_id,source_ip,cross_brand_co_hosted,new_not_in_dataset
4sapi.com,4sapi.com,154.17.20.134,4sapi.club;4sapi.net;4sapi.org,4sapi.club;4sapi.org
4sapi.net,4sapi.com,154.17.20.134,4sapi.club;4sapi.com;4sapi.org,4sapi.club;4sapi.org
bltcy.ai,ablai.top,64.32.23.100,gptbest.vip,
aigcbest.top,aigc456.top,154.21.93.129,ai98.vip;ifopen.ai,ai98.vip
ifopen.ai,aigc456.top,154.21.93.129,ai98.vip;aigcbest.top,ai98.vip
dogenet.win,aigptx.top,5.34.218.89,aigptx.top;opapi.win;wisegpt.top,opapi.win;wisegpt.top
kuaiwenwen.top,ainstant.pro,154.44.9.242,kwwai.top;kwwaigc.cn;xinyuai.cc,kwwaigc.cn;xinyuai.cc
kwwai.top,ainstant.pro,154.44.9.242,kuaiwenwen.top;kwwaigc.cn;xinyuai.cc,kwwaigc.cn;xinyuai.cc
anyroute.io,anyroute.io,192.238.249.142,kitcode.ai;pomoai.ai;pomoai.xyz;qweapi.com,kitcode.ai;pomoai.ai;pomoai.xyz;qweapi.com
clauqe.ai,anyroute.io,192.238.249.142,kitcode.ai;pomoai.ai;pomoai.xyz;qweapi.com,kitcode.ai;pomoai.ai;pomoai.xyz;qweapi.com
dragoncode.codes,anyroute.io,192.238.249.142,kitcode.ai;pomoai.ai;pomoai.xyz;qweapi.com,kitcode.ai;pomoai.ai;pomoai.xyz;qweapi.com
ccfly.codes,ccfly.codes,69.63.217.215,lingxu.ai,lingxu.ai
ccplus.site,ccfly.codes,69.63.217.215,lingxu.ai,lingxu.ai
