domain,html_hash
packyapi.com,74234dd61d12
worldbase.ai,163acd7944d4
toknex.ai,351bd68b5820
uuapi.net,a494bfe754e9
unity2.ai,3e94bffe0ffb
lingsuan.top,51191c3400f7
right.codes,efdfdc226eef
portal.gpteamservices.com,d9294a3b8110
9527code.com,2cc89e8b5020
api.tallius.ai,0638f3dd7a1c
runapi.co,df924c913807
modcon.top,a99381ed34a1
sudocode.chat,dfdfc98fdb9f
toolcode.top,9953c7a9cbe1
juxingai.top,9729dd291a71
ccgoai.com,3d2f5fcc89b8
coderelay.cn,3d4f4805d92e
claudecn.top,3e2c8bfd0d8f
xyc.ai,b5cb3a9f2e17
sevnx.one,177c7706f91f
anpin.ai,b358e328acf5
api.ykh.ai,afe87c76e04d
claude-api.org,b085b6302e0c
dawclaudecode.com,0c11fc7fec09
api.muskapi.cc,e1421f48257d
aokapi.com,279658f3e9d3
chintao.cn,0aa3aa66a665
daodunapi.com,a2beec54a970
sub2api.luchikey.com,e1df6c8abbb4
qiuqiutoken.com,8b4f391ab9db
linkai.shop,7363a36f3706
api.rkai6.com,5af65582ab86
zxai.work,7d5a0e3e0ccc
fishxcode.com,2b56a7ff1563
clauqe.ai,a3fb4e9101da
ai.luminai.cc,63ce19f87253
poixe.com,1a83fe78dbd1
hao.ai,1aa90808f83f
sudocode.us,4f48462aeb7e
chiyicn.com,a7a931db10b4
dasuapi.com,aadd5d023d92
api.api2cn.com,fbf3ac3c1c0d
nekocode.ai,3638b688a021
tokenmix.ai,741f5bb2e88d
claudeapi.com,6544b12db7ac
api.whlemon.cn,5e445a7a5c42
xbhuiz.com,7647b1936c2c
ergouapi.com,d0505744a4db
api.ikuncode.cc,2a363f361c05
zz.aigm99.cn,a6ecfb25d696
api.frontier-intelligence.tech,b88b32a39c15
5cookie.cc,f63a47e2fba1
724codes.com,3ebad54f4224
switchbase.vip,8f412a81cce6
cubence.com,2965f6ea57f5
ai.kividas.com,fdfe194d13c5
safeapi.vip,5f0d9ef1f176
token.baogutang.top,2012ee418cea
huiyun.asia,9729dd291a71
api.vectorengine.ai,e17baeafd198
codefwd.top,98df69e739a8
api.gpt.ge,925b0e4f6d05
cc.anyroute.io,a413e7d44468
infai.cc,9936d0388ce6
ephone.ai,b28942225e45
api.vip.crond.dev,283c0d985141
api.dzzi.ai,0c11fc7fec09
api.timebackward.com,8199d2164e4b
az.zlapi.vip,106550c49c44
api.gemai.cc,0c60b588b152
sub2.congmingai.com,35caca4909db
traxnode.com,fff3b4cefc25
aiberm.com,3f463a9e0bdb
easyrouter.io,632e0cc1946d
linkapi.ai,283c0d985141
ai.centos.hk,ad3df4eb519a
api.xaix.me,51804cb8e0d2
ddshub.cc,bcb7cee2b6f7
api.qiyiguo.uk,02dfc7699c73
api.ekan8.com,5a3f6f40f666
ai.xlyun.pro,7b4f92627f33
tokaify.com,0e754f96b1ae
claudeagent.com.cn,3758c558196d
api.discordtool.vip,0c11fc7fec09
gua.guagua.uk,51804cb8e0d2
xcode.best,2e459f6b7cd4
api.squarefaceicon.org,2f9faa668d68
ai.flashapi.top,c76e1a88e5ee
uocode.com,375665af04a0
sparkcode.top,e3732da331cf
bobdong.cn,c3fd047a0e82
xiaoruiapi.cc,b77bfa1eb316
cooper-api.com,5a0f66ce2804
aaatoken.cn,190b7b4f0e37
ai.xem8k5.top,7b53d9a9450d
api.shiyutv.cn,45ab118d7168
api.rootflowai.com,64e72fde5207
user.tocodex.com,17dacd9096c4
new.050602.xyz,c4f8f266b682
timesniper.club,4b1b9cbeb541
mzlone.top,10fa66e22973
nextoken.online,26d37a84c35e
main-new.codesuc.top,7500b2ae975f
cca.maya.today,2419f7bf5461
chat.ekti.cc,0c11fc7fec09
free.learn-ai.top,fd0695c788b0
api.luccc.uk,e848afbe4ed9
huanapi.com,b49a7e1796f5
buzzai.cc,780961d0e838
fucheers.top,f0ddfbe40570
api.sunskii.com,af259fe746f1
api.aisz.mom,52db483465e8
manbouapi.com,7b25614da595
1xm.ai,063c83048cd1
aiapi.world,2da29fd148c5
cc-vibe.com,c21aef682188
derouter.ai,4ad396fd50ba
mytokenpi.com,aad4998df456
api.sbbbbbbbbb.xyz,537c256664a7
beecode.cc,f0440e117e63
api.aicodemirror.com,7bf1cb6e560d
lucen.cc,4c95275421d7
dragoncode.codes,f028d42c8313
subrouter.ai,68d1a1571f20
co.yes.vg,6e68c6b809df
timicc.com,62c2f65a256e
api.aigocode.com,31fd938ddd80
freemodel.dev,5e98d41346ea
tcdmx.com,4cb3c90f5c78
api.lingshuai.cc,6f09f60a21d6
sssaicode.com,2c529f82eda3
thestocklist.site,a340da6555d0
api.b.ai,fff663354f96
prismapi.site,85a6ccfdd39c
gpt.hslife.fun,26960a079e53
api.aibinghe.xyz,9efca40fe991
xb1520.com,f3a282f1899d
api.tu-zi.com,445ab8a7fa2d
zerocode.sbs,d14c6cc57c74
terminal.pub,2767d1026b1c
tokeness.cn,b1a06562f7f1
api.clawopen.top,c76e1a88e5ee
hk.ccplus.site,1033cfa99f0d
tongapi.com,c76e1a88e5ee
cialloapi.cn,903e40dbbbfb
mx.free.codesonline.dev,f33398bcfb0f
tokenflux.dev,5a04094543ab
kelaiapi.cc,01cb3425eb17
zivv.pro,7eca227d0da3
api.aircode.xin,09b41860d6dd
api.hack3rx.cn,40f0b1048d7a
tokenonly.ai,d73543139fbf
bmai.kun8.vip,8e256b16d6e7
loptu.net,1bffd86ddcc2
api.leleweb.cn,72c23340d469
llmgw.cn,a1e350322b3f
langziapi.online,f81db837f9f5
code.silkapi.com,5d8e4d355944
ogog.ai,a778fb0d0493
api.uniprep.world,13492ea36e7d
api.baobu.xyz,9351b6ec4551
api.euzhi.com,6717efd47757
mentoe.com,e6d203224394
findcg.com,7697a2446cff
apinova.cc,afe87c76e04d
bossclaw.org,3956e5a7306a
yxaiapp.com,e9f7fc937f7e
hemaapi.cc,3115adb0da15
funnyskill.com,08a639a7b142
x.dogenet.win,f8f5526812b3
api.yunserver.cn,9f4ea68eebf2
easy-token.com,c92239c43849
ccrouter.ai,ac942dca0a85
callxyq.xyz,9a41a48a6a7b
iacc.cc,c0043fd9bbf9
airouter.mxyhi.com,e8184aaa9973
platform.ope.ai,590e8a73f91a
api.getezclaw.com,ea78e444423b
pixelmuse.shop,63ab00da4940
enjoyapi.cc,3829da2e0ded
jiekou.ai,4b4e475ad94d
codesome.ai,9cb1de0e2ca4
cckeys.top,9212c4ba6fcb
us.usclaude.us,b0aea4223da0
api.hepingan.top,fa2d0c0aeb45
ppword.cn,952c6c423a67
apiclaude.cc,6b8c021eaee2
nbapi.cc,d3d0827d9694
jmyr.net,92f1d614bdc6
ccfly.codes,724e830c07af
api.openaeon.ai,2f9faa668d68
opentk.ai,71712c114721
ai.cdn.ad,13479929d74f
huiliuapi.com,0347d9e2e3c1
codexone.aieania.tech,5a053ee98973
proxy2it.com,51a58ce53de0
hk.hhnto.top,c76e1a88e5ee
api.owlai.tech,60d01527d92a
api.ejkoy.com,65bee544e940
api.satuo66.online,b83c5ca96806
api.laozhang.ai,203bf15a270d
llmapi.pro,b8e1e1d7bdf1
codex.dakeai.cc,e3b14c198bdc
hiapi.store,5921a7f49369
claude.hk.cn,52e7a92cf283
www.metachat.work,581b1adeae87
api.feng.cx,279658f3e9d3
hos.chatopens.vip,dba2586b2d96
open.xiaojingai.com,0cdbea783658
api.whatai.cc,bc46793867cb
newapi.qwqtao.one,283c0d985141
chat.chesspnt.com,2c4b7e2b1b3f
infistar.ai,6365ec5b97e6
newapi.youkies.space,d41a3c710063
www.freezapi.eu.cc,c76e1a88e5ee
web.mmw.ink,d5414a16f393
api.ebutterfly.cc,ba55509a1a31
meeyo.org,df01400c636a
hohoapi.com,640054922da0
cdn.sta1n.cn,0c11fc7fec09
api.dongli.work,dc2ccfdd284a
spritnest.com,634a8e09529d
xinggangai.com,efc6b6acebb5
www.aladingapi.cc,903e40dbbbfb
www.gogoapi.cloud,6583428d7dd8
arpanet.icu,2f9faa668d68
shitang359.space,f5d801dbfe9b
ccmax20.cc,2befeeddb9b1
tieapi.com,47d25dc87e53
nexaxis.ai,819882ee7ee8
sudobug.top,b2e98f6a27c6
api.hangzhale.com,62c879503160
minitoken.top,4f14ced88177
chunxueapi.com,c3b8ffb6e341
ai.chaozhi.chat,8bcc0ef3c31f
api.schyler.top,d9ca34cafd58
jbbtoken.cn,b0923267fa7e
api.aijws.com,54782a292ad7
aiapify.com,d621d18d97c9
beefapi.com,bbb2e00662f6
aiapis.io,9c6ba4e80638
nbility.dev,829c97f942f9
oxycode.net,779df9260cbc
ai.ssgoo.net,b74c07674a4a
ccode.dev,3cb629ca6a3b
api.tmlab.store,a44a766e438e
wangxiangai.org,8e49fde0b89c
growupapi.ltd,72b4a05929e3
code.deepask.chat,49d4e0beec5e
wintoken.dev,f584517cedab
officesai.top,8837e4d1b6e0
api.rpg8.cn,6a815ddfeaeb
codexopenai.cloud,6e4ac2e1733c
apiporter.com,5aac742a1b18
sadai.top,03387040a66f
daidaibird.top,570029e506ef
sui-xiang.com,086c3d8f8db3
yundu.lat,973967c9a555
www.micuapi.ai,0a43b3402fa7
dashboard.uibeai.com,35523ec767f1
www.yooyai.cc,5a3f6f40f666
dd.mfate.cn,320187b9a3ed
xtoken.xin,25299deb4c30
openmux.ai,909f5dc7c57c
api.chshapi.org,997cc8db99cf
lulurouter.com,eff4cec76964
subgate.io,0ef182cbc5e5
